Rk,Player,Pos,Age,Tm,G,GS,MP,FG,FGA,FG%,3P,3PA,3P%,2P,2PA,2P%,eFG%,FT,FTA,FT%,ORB,DRB,TRB,AST,STL,BLK,TOV,PF,PTS,PER,TS%,3PAr,FTr,ORB%,DRB%,TRB%,AST%,STL%,BLK%,TOV%,USG%,OWS,DWS,WS,WS/48,OBPM,DBPM,BPM,VORP
1,Jordan Adams\adamsjo01,SG,20,MEM,4,0,2.5,0.5,0.8,0.667,0.3,0.3,1,0.3,0.5,0.5,0.833,0.5,1,0.5,0,0.3,0.3,0,0.3,0,0,0,1.8,31.4,0.735,0.333,1.333,0,11.3,5.5,0,5.2,0,0,21.7,0.1,0,0.1,0.327,6.1,-0.7,5.4,0
2,Arron Afflalo\afflaar01,SG,29,POR,3,3,20,0.7,4,0.167,0.3,1.3,0.25,0.3,2.7,0.125,0.208,0,0.3,0,0,2.3,2.3,0.7,0,0,1,2,1.7,-5,0.201,0.333,0.083,0,12.8,6.3,5,0,0,19.4,11.8,-0.2,0,-0.2,-0.186,-10.7,1.4,-9.3,-0.1
3,Alexis Ajinca\ajincal01,C,26,NOP,3,0,3.3,1.3,1.3,1,0,0,,1.3,1.3,1,1,0,0,,0,0.3,0.3,0.3,0.3,0,0,0.7,2.7,42,1,0,0,0,10.9,5.5,26.9,5.2,0,0,18.3,0.1,0,0.1,0.366,12.6,3.5,16.2,0
4,LaMarcus Aldridge\aldrila01,PF,29,POR,5,5,41.6,7.4,22.4,0.33,0.6,2.2,0.273,6.8,20.2,0.337,0.344,6.4,7.2,0.889,4.2,7,11.2,1.8,0.4,2.4,1.6,3.2,21.8,16.7,0.426,0.098,0.321,10.8,18.4,14.6,8.4,0.5,3.8,5.9,29.9,0,0.2,0.1,0.032,-4.4,1.5,-2.9,0
5,Tony Allen\allento01,SG,33,MEM,10,9,27.9,2.8,5.7,0.491,0.1,0.7,0.143,2.7,5,0.54,0.5,0.9,1.2,0.75,1.4,3.8,5.2,1.5,2.4,1.1,1.3,2.7,6.6,14.2,0.53,0.123,0.211,5.4,15.3,10.3,8.3,4.5,3.6,17.3,12.3,0.1,0.6,0.6,0.111,-1.1,7.6,6.5,0.6
6,Al-Farouq Aminu\aminual01,SF,24,DAL,5,2,30,3.4,6.2,0.548,1.4,2.2,0.636,2,4,0.5,0.661,3,3.8,0.789,2.8,4.4,7.2,1.2,2,1.6,1.2,3,11.2,20.4,0.711,0.355,0.613,9.3,15.6,12.3,5.3,3.1,4.3,13.2,12.4,0.5,0.1,0.6,0.199,2.4,5.8,8.3,0.4
7,Alan Anderson\anderal01,SG,32,BRK,6,0,23.7,4.2,6.8,0.61,1.7,2.7,0.625,2.5,4.2,0.6,0.732,1,1.5,0.667,0.3,3.2,3.5,1.2,0.7,0.2,1.3,1.5,11,17.7,0.734,0.39,0.22,1.5,14.5,8,8.7,1.4,0.6,15.1,17.1,0.3,0.1,0.4,0.145,1.8,0.9,2.7,0.2
8,Ryan Anderson\anderry01,PF,26,NOP,4,0,23.8,4,9,0.444,1.3,3,0.417,2.8,6,0.458,0.514,1.5,1.5,1,1.8,2.5,4.3,2.3,0,0.5,1,3,10.8,16.2,0.556,0.333,0.167,8.3,11.5,9.9,15.7,0,1.8,9.4,20.5,0.2,-0.1,0.2,0.079,0.3,1.6,1.9,0.1
9,Giannis Antetokounmpo\antetgi01,SG,20,MIL,6,6,33.5,4.3,11.8,0.366,0,0.2,0,4.3,11.7,0.371,0.366,2.8,3.8,0.739,2,5,7,2.7,0.5,1.5,1.8,3,11.5,10.9,0.425,0.014,0.324,5.8,17.3,11.1,14.3,0.8,4,11.9,20.6,-0.2,0.2,0,-0.003,-5,2.1,-2.9,0
10,Pero Antic\anticpe01,C,32,ATL,15,1,13.3,1.1,3.3,0.32,0.7,2.1,0.344,0.3,1.2,0.278,0.43,1.3,1.7,0.8,0.6,2.3,2.9,0.3,0.1,0.2,0.3,2.5,4.2,8.5,0.516,0.64,0.5,4.8,18.3,11.6,3,0.5,1.2,7.6,15.1,0.2,0.2,0.4,0.092,-2.3,-2.1,-4.5,-0.1
11,Trevor Ariza\arizatr01,SF,29,HOU,17,17,38.5,4.4,10.4,0.426,2.1,5.6,0.375,2.3,4.7,0.488,0.528,2.2,2.5,0.905,1.1,5.4,6.4,2.6,1.8,0.1,1.4,3,13.2,12.9,0.576,0.545,0.239,2.9,14.2,8.6,10.1,2.2,0.2,10.6,13.9,1,0.4,1.3,0.098,0.7,2.8,3.5,0.9
12,Omer Asik\asikom01,C,28,NOP,4,4,19.8,0.5,2.5,0.2,0,0,,0.5,2.5,0.2,0.2,1,1.8,0.571,3,4.3,7.3,1.5,1.3,0,1.3,2.5,2,9.4,0.306,0,0.7,17.2,23.4,20.4,10.2,3.3,0,27.7,10.5,0,0,0,-0.002,-5.3,6.8,1.5,0.1
13,Jeff Ayres\pendeje02,PF,27,SAS,3,0,4,0,0.3,0,0,0,,0,0.3,0,0,0,0,,0,1,1,0.7,0,0,0,0,0,5.7,0,0,0,0,27.6,13.3,21.2,0,0,0,3.7,0,0,0,0.014,-7.7,3.4,-4.2,0
14,Leandro Barbosa\barbole01,SG,32,GSW,21,0,10.9,1.9,4.2,0.443,0.4,1.1,0.348,1.5,3.1,0.477,0.489,0.9,1,0.818,0.4,0.9,1.3,0.9,0.3,0,0.6,1.1,5,13.3,0.532,0.261,0.25,3.9,8.9,6.4,12.8,1.3,0.3,10.9,21.5,0.3,0.3,0.5,0.113,-0.3,-1.8,-2.1,0
15,J.J. Barea\bareajo01,PG,30,DAL,5,2,30.8,5,11.4,0.439,0.8,3.2,0.25,4.2,8.2,0.512,0.474,1,1.2,0.833,1,3.8,4.8,7.4,0.8,0,2.8,3.4,11.8,13.7,0.495,0.281,0.105,3.2,13.2,8,34.1,1.2,0,19,19.6,0.1,0,0.1,0.04,-1.1,0.8,-0.4,0.1
16,Harrison Barnes\barneha02,SF,22,GSW,21,21,32.4,4.2,9.5,0.44,1,3,0.355,3.1,6.6,0.478,0.495,1.2,1.6,0.735,2.1,3.1,5.2,1.5,0.8,0.5,1,2.1,10.6,12.2,0.519,0.31,0.17,7.3,10.3,8.8,7.2,1.3,1.3,9.3,15.6,0.8,0.8,1.6,0.115,0.8,0.8,1.6,0.6
17,Matt Barnes\barnema02,SF,34,LAC,14,14,29.2,2.7,7.1,0.38,1.1,4.3,0.267,1.6,2.9,0.55,0.46,1.1,1.4,0.75,1.1,3.9,5.1,1.6,1.4,0.7,1.1,3.9,7.6,9.7,0.492,0.6,0.2,4.2,13.9,9.1,7.4,2.4,2.1,12.8,13.2,0.1,0.4,0.5,0.055,-1.3,3.3,2.1,0.4
18,Brandon Bass\bassbr01,PF,29,BOS,4,4,21.5,1.8,5,0.35,0,0,,1.8,5,0.35,0.35,1.5,2.5,0.6,0.8,1.3,2,2.5,0.3,0.8,0.8,1,5,9,0.41,0,0.5,3.7,6.5,5.1,18.1,0.6,3.4,10.9,14.2,0,0,0,-0.022,-5.1,2.7,-2.3,0
19,Nicolas Batum\batumni01,SF,26,POR,5,5,41.8,4.8,14,0.343,2.6,7.8,0.333,2.2,6.2,0.355,0.436,2,2.6,0.769,1.2,7.4,8.6,5.2,0.2,0.2,2.4,2.2,14.2,11.1,0.469,0.557,0.186,3.1,19.4,11.1,21.4,0.2,0.3,13.7,19.2,0,0.1,0.1,0.021,-1,1.7,0.8,0.1
20,Jerryd Bayless\bayleje01,PG,26,MIL,6,0,20,2,5.8,0.343,0.3,1.2,0.286,1.7,4.7,0.357,0.371,2.2,2.8,0.765,0.7,1.8,2.5,3,0.3,0.3,0.7,2,6.5,12.2,0.459,0.2,0.486,3.3,10.6,6.6,25.5,0.9,1.5,8.6,17.4,0.1,0.1,0.2,0.06,-2,-0.8,-2.8,0
21,Aron Baynes\baynear01,C,28,SAS,4,0,10,0.8,2.5,0.3,0,0,,0.8,2.5,0.3,0.3,0.8,0.8,1,0.8,1.8,2.5,0.3,0,0,0.8,2.3,2.3,1.3,0.398,0,0.3,7.8,19.3,13.3,3.5,0,0,20.9,16.1,-0.1,0,0,-0.056,-8.6,-0.1,-8.6,-0.1
22,Kent Bazemore\bazemke01,SG,25,ATL,16,2,18.9,1.9,4.4,0.423,0.4,1.8,0.214,1.5,2.7,0.558,0.465,1.3,1.9,0.677,0.2,3.1,3.3,0.8,0.7,0.6,0.7,1.6,5.4,10.5,0.514,0.394,0.437,1.1,17.7,9.4,6.5,1.9,2.4,11.5,14.4,0,0.4,0.5,0.072,-3.4,1.3,-2.1,0
23,Bradley Beal\bealbr01,SG,21,WAS,10,10,41.8,8.1,20,0.405,2.3,6.3,0.365,5.8,13.7,0.423,0.463,4.9,5.9,0.831,1.4,4.1,5.5,4.6,1.6,0.7,2.6,1.9,23.4,17.9,0.518,0.315,0.295,3.8,10.3,7.1,19.1,1.9,1.3,10.3,26.7,0.7,0.6,1.2,0.14,2.9,0.7,3.5,0.6
24,Marco Belinelli\belinma01,SG,28,SAS,7,0,16.6,2.9,5.6,0.513,2,4.3,0.467,0.9,1.3,0.667,0.692,1.6,1.9,0.846,0.3,1.6,1.9,1.4,0.3,0,0.7,1.4,9.3,20.7,0.727,0.769,0.333,1.8,10.5,6,14.1,0.9,0,10.1,19.2,0.5,0,0.5,0.215,6.3,-1,5.4,0.2
25,Steve Blake\blakest01,PG,34,POR,5,0,8.6,0.4,2.2,0.182,0.2,1.6,0.125,0.2,0.6,0.333,0.227,0.4,0.4,1,0,0.2,0.2,1.6,0,0.2,0.4,0.8,1.4,2.9,0.295,0.727,0.182,0,2.5,1.3,28.7,0,1.5,14.4,14.8,-0.1,0,-0.1,-0.092,-6.3,-3.1,-9.4,-0.1
26,Bojan Bogdanovic\bogdabo02,SF,25,BRK,6,5,34.3,3.8,9.8,0.39,1.8,5.5,0.333,2,4.3,0.462,0.483,0.8,1.2,0.714,0.5,3.3,3.8,1.7,0.7,0.3,1.3,2,10.3,8.3,0.499,0.559,0.119,1.6,10.5,6,7.7,1,0.9,11.4,15.6,0,0.1,0.1,0.015,-2.2,1,-1.2,0
27,Andrew Bogut\bogutan01,C,30,GSW,19,18,23.2,2.2,3.9,0.56,0,0.1,0,2.2,3.9,0.568,0.56,0.3,0.7,0.385,2.2,5.9,8.1,1.9,0.6,1.8,1.4,3.6,4.7,14,0.551,0.013,0.173,10.3,27.4,19,11.9,1.3,6.2,24.4,10.9,0.4,1,1.4,0.153,-1.6,6.1,4.6,0.7
28,Matt Bonner\bonnema01,PF,34,SAS,7,0,5.1,0.3,1.4,0.2,0.3,1.3,0.222,0,0.1,0,0.3,0,0,,0,0.9,0.9,0.1,0,0.1,0.1,1.1,0.9,-2.2,0.3,0.9,0,0,18.4,8.9,3.8,0,2.2,9.1,13.7,-0.1,0,-0.1,-0.089,-7.2,0.6,-6.6,0
29,Avery Bradley\bradlav01,SG,24,BOS,4,4,33.3,4.8,12.5,0.38,1.3,4.8,0.263,3.5,7.8,0.452,0.43,1.5,1.8,0.857,0.8,3,3.8,0.8,0.8,0,0.8,3.3,12.3,8.2,0.462,0.38,0.14,2.4,10.1,6.2,3.9,1.2,0,5.3,18.8,0,0,0,-0.017,-3.2,0.2,-3,0
30,Elton Brand\brandel01,C,35,ATL,3,0,1.3,0,0.3,0,0,0,,0,0.3,0,0,0.3,0.7,0.5,0,0.3,0.3,0,0,0,0,1,0.3,-12.7,0.266,0,2,0,26.8,13.4,0,0,0,0,21.4,0,0,0,-0.139,-15.6,-7.2,-22.8,0
31,Corey Brewer\breweco01,SF,28,HOU,17,0,25.2,4.2,9.8,0.431,0.7,2.5,0.286,3.5,7.4,0.48,0.467,2.1,3.2,0.636,0.6,2.1,2.8,1.1,0.6,0.2,0.9,2.8,11.2,10.9,0.499,0.251,0.329,2.7,8.6,5.7,7.3,1.2,0.7,7.3,20.1,0.2,0.1,0.3,0.031,-2.8,0,-2.8,-0.1
32,Aaron Brooks\brookaa01,PG,30,CHI,12,0,11,1.8,5.1,0.344,0.7,2.2,0.308,1.1,2.9,0.371,0.41,0.3,0.6,0.571,0.3,1.3,1.5,0.9,0.3,0.1,0.8,1.3,4.5,6.8,0.421,0.426,0.115,2.5,12.2,7.5,14.9,1.2,0.6,12.3,25.2,-0.2,0.2,-0.1,-0.029,-3.1,-2.3,-5.5,-0.1
33,Markel Brown\brownma02,SG,23,BRK,2,1,5,1,2.5,0.4,0,1,0,1,1.5,0.667,0.4,1,1,1,1,0,1,0.5,0,0,1,0,3,15.4,0.51,0.4,0.4,21.6,0,10.8,18.5,0,0,25.4,36.1,0,0,0,-0.061,-0.3,-3.1,-3.5,0
34,Jimmy Butler\butleji01,SG,25,CHI,12,12,42.2,7.8,17.8,0.441,2.3,6,0.389,5.5,11.8,0.468,0.507,4.9,6,0.819,1.5,4.1,5.6,3.2,2.4,0.8,1.8,2.3,22.9,20.8,0.562,0.338,0.338,4,10.4,7.3,14.1,3,1.4,7.9,23.9,1.3,0.8,2.1,0.203,5,0.9,6,1
35,Rasual Butler\butlera01,SF,35,WAS,2,0,3.5,0,0.5,0,0,0.5,0,0,0,,0,0,0,,0,0.5,0.5,0.5,0,0,0,1,0,-3.6,0,1,0,0,15,7.8,18.6,0,0,0,6.3,0,0,0,-0.039,-6,0,-6,0
36,Will Bynum\bynumwi01,SG,32,WAS,3,0,10.3,2.3,4.7,0.5,0.3,0.7,0.5,2,4,0.5,0.536,1.3,1.7,0.8,0.7,0.3,1,1,0.7,0.3,1.7,2,6.3,16.5,0.586,0.143,0.357,7.2,3.4,5.3,17.8,3.3,2.6,23.6,30.3,0,0,0.1,0.078,-0.3,0.7,0.4,0
37,Nick Calathes\calatni01,SG,25,MEM,9,3,14,1.3,4,0.333,0.7,1.4,0.462,0.7,2.6,0.261,0.417,0.3,0.9,0.375,0.1,1.7,1.8,1.8,1,0.1,1.1,1.7,3.7,7.8,0.418,0.361,0.222,0.9,13.4,7,19.6,3.7,0.7,20.2,18,-0.2,0.2,-0.1,-0.022,-3.8,3.3,-0.6,0
38,Clint Capela\capelca01,C,20,HOU,17,0,7.5,1.2,1.8,0.677,0,0,,1.2,1.8,0.677,0.677,0.9,1.7,0.517,0.8,1.7,2.5,0.3,0.2,0.5,0.2,1.1,3.4,21.8,0.651,0,0.935,10.8,23.4,17.2,6.4,1.1,5.6,6.4,15.4,0.4,0.1,0.6,0.217,-0.4,3.6,3.2,0.2
39,DeMarre Carroll\carrode01,SF,28,ATL,16,16,34.9,5.4,11.1,0.486,1.8,4.5,0.403,3.6,6.6,0.543,0.568,2,2.6,0.78,1.6,4.4,6.1,2,1.1,0.3,0.9,2.3,14.6,16.8,0.597,0.407,0.232,5,13.6,9.3,9.5,1.7,0.7,7.1,17.1,1.2,0.6,1.8,0.157,2.5,0.1,2.6,0.6
40,Vince Carter\cartevi01,SG,38,MEM,11,0,17.8,2.5,6.1,0.403,0.6,2.5,0.25,1.8,3.5,0.513,0.455,0.7,0.8,0.889,1.2,3.1,4.3,1,0.6,0.2,0.6,1.5,6.3,13.7,0.486,0.418,0.134,7.2,19.5,13.2,9.3,1.9,0.9,9,18.2,0.1,0.2,0.3,0.085,-0.2,2,1.8,0.2
41,Michael Carter-Williams\cartemi01,PG,23,MIL,6,6,31.8,5.5,13,0.423,0,0.8,0,5.5,12.2,0.452,0.423,1.2,2,0.583,0.2,4.3,4.5,4.8,1.2,1,2.7,2.3,12.2,11.5,0.438,0.064,0.154,0.5,15.8,7.5,29.5,1.9,2.8,16.1,23.4,-0.3,0.2,-0.1,-0.032,-4.3,1.5,-2.8,0
42,Tyson Chandler\chandty01,C,32,DAL,5,5,32,3.8,5.8,0.655,0,0,,3.8,5.8,0.655,0.655,2.6,5.2,0.5,5.4,5.4,10.8,0.2,0.6,1.2,1,3.2,10.2,17.3,0.631,0,0.897,16.7,18,17.3,0.8,0.9,3,11,11.6,0.4,0,0.5,0.146,-0.4,1.7,1.3,0.1
43,Earl Clark\clarkea01,PF,27,BRK,2,0,6.5,1,5,0.2,1,1.5,0.667,0,3.5,0,0.3,0,0,,0,1,1,0,0.5,0,0,0.5,3,1.2,0.3,0.3,0,0,16.7,8.3,0,3.9,0,0,35.2,-0.1,0,-0.1,-0.235,-12.9,-5.6,-18.5,-0.1
44,Norris Cole\coleno01,PG,26,NOP,4,0,26.5,3.8,9,0.417,0.8,3.5,0.214,3,5.5,0.545,0.458,0.5,0.8,0.667,0.3,1.5,1.8,1.8,0,0.3,2,3.8,8.8,3.8,0.469,0.389,0.083,1.1,6.2,3.7,10.5,0,0.8,17.7,19.5,-0.2,-0.1,-0.3,-0.122,-6.5,0.3,-6.1,-0.1
45,Mike Conley\conlemi01,PG,27,MEM,8,8,30.4,5.1,12,0.427,1.3,4.1,0.303,3.9,7.9,0.492,0.479,2.9,3.5,0.821,0,1.1,1.1,5,1.4,0,1.5,1.3,14.4,17.5,0.531,0.344,0.292,0,4.2,2,28.6,2.4,0,10,22.6,0.4,0.2,0.6,0.111,2.4,-1.5,0.9,0.2
46,Allen Crabbe\crabbal01,SG,22,POR,2,1,19.5,2,2.5,0.8,1,1,1,1,1.5,0.667,1,0,0,,0,1.5,1.5,0.5,1,0.5,0.5,0.5,5,15,1,0.4,0,0,8.4,4.2,4.3,2.7,1.7,16.7,7.1,0.1,0,0.1,0.145,0.5,3.9,4.4,0.1
47,Jamal Crawford\crawfja01,SG,34,LAC,14,0,27.1,4.8,13.3,0.36,1.3,5.3,0.243,3.5,8,0.438,0.409,1.9,2.1,0.867,0.4,1.7,2.1,1.9,0.9,0.2,1.2,2.4,12.7,10,0.447,0.398,0.161,1.7,6.6,4.2,11.1,1.7,0.7,7.9,24.8,-0.3,0.1,-0.2,-0.02,-2.9,-1.2,-4.1,-0.2
48,Jae Crowder\crowdja01,SF,24,BOS,4,1,25,3.8,7.3,0.517,0.8,2.5,0.3,3,4.8,0.632,0.569,2.5,3.3,0.769,2,3,5,2,1,0.8,1.3,3.5,10.8,19.2,0.619,0.345,0.448,8.5,13.5,10.9,13.9,2.1,2.9,12.6,17.7,0.3,0.1,0.3,0.154,2.5,4.1,6.6,0.2
49,Dante Cunningham\cunnida01,PF,27,NOP,4,0,18.8,2.3,2.8,0.818,0,0,,2.3,2.8,0.818,0.818,0.8,0.8,1,1,3.5,4.5,0.5,0.8,1,0,1.8,5.3,19.8,0.852,0,0.273,6,20.3,13.3,4.1,2.1,4.6,0,7.5,0.3,0,0.3,0.193,-0.1,6.6,6.5,0.2
50,Stephen Curry\curryst01,PG,26,GSW,21,21,39.3,9.5,20.9,0.456,4.7,11,0.422,4.9,9.9,0.493,0.567,4.6,5.5,0.835,1,4,5,6.4,1.9,0.1,3.9,2.2,28.3,24.5,0.607,0.528,0.262,2.7,11.1,6.9,29.9,2.4,0.3,14.3,31,2.7,1.2,3.9,0.228,9.1,-0.4,8.7,2.2
51,Luigi Datome\datomlu01,SF,27,BOS,3,0,4.7,0.7,2,0.333,0,0.7,0,0.7,1.3,0.5,0.333,0,0,,0,0.3,0.3,0.3,0,0,0,1.3,1.3,-0.4,0.333,0.333,0,0,8,3.9,12.3,0,0,0,19.1,0,0,0,-0.124,-6.5,-1.8,-8.3,0
52,Anthony Davis\davisan02,PF,21,NOP,4,4,43,11.8,21.8,0.54,0,0.5,0,11.8,21.3,0.553,0.54,8,9,0.889,2.3,8.8,11,2,1.3,3,3.3,3,31.5,28.5,0.613,0.023,0.414,5.9,22.1,14.2,9.3,1.5,6.1,11.2,30.8,0.6,0.1,0.7,0.184,0.3,4.9,5.2,0.3
53,Glen Davis\davisgl01,PF,29,LAC,14,0,10.3,1.2,2.7,0.447,0,0.1,0,1.2,2.6,0.459,0.447,0.5,0.6,0.778,0.6,1.3,1.9,0.2,0.4,0.4,0.6,2.4,2.9,7.1,0.489,0.026,0.237,6.7,13,9.9,3,1.7,3,17.7,15.4,-0.1,0.1,0.1,0.018,-5.6,1.9,-3.6,-0.1
54,Matthew Dellavedova\dellama01,SG,24,CLE,20,7,24.9,2.4,6.8,0.346,1.2,3.8,0.316,1.2,3,0.383,0.434,1.3,1.6,0.781,0.5,1.6,2.1,2.7,0.5,0,1.8,2.6,7.2,6.8,0.476,0.559,0.235,2.2,6.8,4.5,17.3,1,0,18.9,16.9,-0.1,0.3,0.2,0.02,-1.9,-1,-3,-0.1
55,DeMar DeRozan\derozde01,SG,25,TOR,4,4,39.8,8,20,0.4,0.8,2,0.375,7.3,18,0.403,0.419,3.5,4.3,0.824,1.3,5,6.3,5.8,1.5,0,2.5,3,20.3,15.7,0.463,0.1,0.213,3.4,15.2,8.9,26.5,1.9,0,10.3,27.5,0,0,0,-0.007,-2.4,0.9,-1.5,0
56,Boris Diaw\diawbo01,PF,32,SAS,7,0,28.3,4.9,10.1,0.479,0.6,2.6,0.222,4.3,7.6,0.566,0.507,1.3,1.9,0.692,1.9,4.3,6.1,3.6,0.7,0.4,1.3,3.4,11.6,16.5,0.528,0.254,0.183,6.8,16.7,11.6,20.6,1.3,1.2,10.5,19.4,0.4,0.2,0.5,0.127,1.1,2.7,3.8,0.3
57,Joey Dorsey\dorsejo01,PF,31,HOU,6,0,2.2,0,0.3,0,0,0,,0,0.3,0,0,0.2,0.3,0.5,0.2,0.5,0.7,0.3,0,0,0.2,0.3,0.2,0.7,0.174,0,1,8.1,23.7,16,19.8,0,0,25.8,12.5,0,0,0,-0.117,-9.8,1.9,-7.9,0
58,Jared Dudley\dudleja01,SG,29,MIL,6,0,18.3,2.3,5,0.467,1.3,2.3,0.571,1,2.7,0.375,0.6,0.7,1.2,0.571,0.5,1.3,1.8,1.3,2,0.3,0.8,2,6.7,17.2,0.605,0.467,0.233,2.7,8.4,5.3,13,5.6,1.6,13.1,15.6,0.1,0.2,0.3,0.143,1.2,3.4,4.5,0.2
59,Tim Duncan\duncati01,C,38,SAS,7,7,35.7,7.6,12.9,0.589,0,0.1,0,7.6,12.7,0.596,0.589,2.7,4.9,0.559,2.7,8.4,11.1,3.3,1.3,1.4,1,3.7,17.9,24.2,0.595,0.011,0.378,7.9,26,16.6,16,1.8,3.1,6.3,20.1,0.8,0.4,1.2,0.229,2.6,5.1,7.7,0.6
60,Mike Dunleavy\dunlemi02,SF,34,CHI,12,12,32.4,3.6,7.3,0.489,2.3,4.7,0.482,1.3,2.7,0.5,0.642,1.5,1.6,0.947,0.6,3.4,4,2.6,0.8,0.4,1.3,2.6,10.9,14.4,0.68,0.636,0.216,2,11.3,6.8,13.1,1.4,1,13.5,13,0.9,0.5,1.4,0.169,3.4,0.3,3.7,0.6
61,Monta Ellis\ellismo01,SG,29,DAL,5,5,39.4,10.4,22.2,0.468,2.2,6,0.367,8.2,16.2,0.506,0.518,3,4,0.75,0.8,2.4,3.2,5.2,2,0.6,3.2,3.6,26,19.5,0.543,0.27,0.18,2,6.5,4.2,21.9,2.4,1.2,11.8,28.2,0.4,0,0.4,0.094,1.6,0.7,2.3,0.2
62,Tyler Ennis\ennisty01,PG,20,MIL,1,0,16,2,9,0.222,1,5,0.2,1,4,0.25,0.278,0,0,,3,1,4,3,0,0,0,1,5,10.3,0.278,0.556,0,18.3,7.2,13.3,33.3,0,0,0,25.3,0,0,0,-0.076,2.8,-2.5,0.3,0
63,Tyreke Evans\evansty01,SG,25,NOP,4,4,31.3,3.5,10.8,0.326,0.5,2.8,0.182,3,8,0.375,0.349,2.5,4.3,0.588,0.8,4.3,5,5,1.3,0.3,1.5,2.5,10,10.8,0.396,0.256,0.395,2.7,14.8,8.9,24.3,2.1,0.7,10.6,20.6,-0.1,0,-0.1,-0.037,-4.8,3.6,-1.2,0
64,Festus Ezeli\ezelife01,C,25,GSW,20,0,9.2,1.4,2.5,0.54,0,0,,1.4,2.5,0.54,0.54,0.8,1.5,0.552,1.2,1.9,3.1,0.3,0.1,0.5,0.6,1.3,3.5,16.1,0.558,0,0.58,14.5,22.4,18.5,5.2,0.3,4.4,16.1,18.3,0.3,0.3,0.6,0.15,-2.1,0.6,-1.4,0
65,Raymond Felton\feltora01,PG,30,DAL,3,1,12,1.3,5,0.267,0,1.3,0,1.3,3.7,0.364,0.267,1,1,1,0.3,2,2.3,1.3,0,0,0,0.3,3.7,7.6,0.337,0.267,0.2,2.8,17.8,10,14.7,0,0,0,18.6,0,0,0,-0.038,-5.6,-0.4,-6,0
66,Tim Frazier\fraziti01,PG,24,POR,2,0,1.5,0,0.5,0,0,0,,0,0.5,0,0,0,0,,0,0,0,0,0,0,0.5,0,0,-32,0,0,0,0,0,0,0,0,0,50,30.6,-0.1,0,-0.1,-0.889,-31,-1.2,-32.2,0
67,Joel Freeland\freeljo01,C,27,POR,2,0,3.5,0,0,,0,0,,0,0,,,0,0,,0,0.5,0.5,0,0.5,0,0,0,0,9.7,,,,0,15.7,7.7,0,7.5,0,,0,0,0,0,0.1,-5.9,9.2,3.3,0
68,Marc Gasol\gasolma01,C,30,MEM,11,11,37.8,6.5,16.4,0.394,0,0.2,0,6.5,16.2,0.399,0.394,6.8,8,0.852,1.7,8.5,10.3,4.5,0.9,1.7,1.5,3,19.7,21.3,0.496,0.011,0.489,4.9,25.4,15,20.5,1.3,4.2,6.8,25.8,0.8,0.6,1.4,0.161,0.8,5,5.8,0.8
69,Pau Gasol\gasolpa01,PF,34,CHI,10,10,31.7,5.6,11.5,0.487,0,0.4,0,5.6,11.1,0.505,0.487,3.2,4.2,0.762,1.7,7.7,9.4,3.1,0.5,2.1,2.1,1.8,14.4,20.1,0.539,0.035,0.365,6,26.1,16.3,18.1,0.8,5.3,13.6,22.2,0.4,0.7,1.1,0.166,-0.2,3.6,3.4,0.4
70,Alonzo Gee\geeal01,SF,27,POR,1,0,3,0,0,,0,0,,0,0,,,0,0,,0,1,1,1,0,0,0,0,0,16.3,,,,0,36.5,18,47.9,0,0,,0,0,0,0,0.181,-5.3,2.7,-2.6,0
71,Taj Gibson\gibsota01,PF,29,CHI,12,2,23,2.8,6,0.472,0,0,,2.8,6,0.472,0.472,1.8,2.5,0.7,2.1,3.4,5.5,1,0.3,1,0.9,2.1,7.4,14.3,0.522,0,0.417,10.1,16,13.1,7.3,0.8,3.5,11.4,15.9,0.3,0.4,0.8,0.132,-1.2,1.4,0.2,0.2
72,Manu Ginobili\ginobma01,SG,37,SAS,7,0,18.7,2.1,6.1,0.349,1.1,3.1,0.364,1,3,0.333,0.442,2.6,3.3,0.783,0.6,2.9,3.4,4.6,0.6,0.9,2,2.7,8,17.1,0.527,0.512,0.535,3.2,16.8,9.8,36.4,1.6,3.6,20.9,23,0.2,0.2,0.3,0.117,0.7,3.2,3.9,0.2
73,Drew Gooden\goodedr01,PF,33,WAS,10,0,17.8,2.3,6.1,0.377,1.2,2.6,0.462,1.1,3.5,0.314,0.475,1,1.3,0.769,1.3,4.2,5.5,0.8,0.2,1,1.4,2.1,6.8,12.5,0.51,0.426,0.213,8.2,24.8,16.8,7,0.6,4.4,17.3,20.1,0,0.3,0.3,0.083,-2.2,1.8,-0.4,0.1
74,Eric Gordon\gordoer01,SG,26,NOP,4,4,35.8,7,15.8,0.444,3.3,8,0.406,3.8,7.8,0.484,0.548,1.3,1.5,0.833,0.5,1.8,2.3,3.8,0.5,0.5,2.5,2.8,18.5,14.6,0.564,0.508,0.095,2.4,5.3,3.9,18.2,0.7,1.2,13,24.5,0.2,-0.1,0,0.008,0.1,0.1,0.2,0.1
75,Marcin Gortat\gortama01,C,30,WAS,10,10,30.7,5.4,8.6,0.628,0,0,,5.4,8.6,0.628,0.628,1.6,2.4,0.667,2.7,6.1,8.8,2.2,0.6,1.1,1.6,2.9,12.4,19.4,0.642,0,0.279,9.9,20.9,15.6,12.1,1,2.8,14.2,16.3,0.8,0.5,1.3,0.202,2.4,3.1,5.6,0.6
76,Danny Green\greenda02,SG,27,SAS,7,7,29.1,3,8.7,0.344,1.7,5.7,0.3,1.3,3,0.429,0.443,0.6,0.9,0.667,1,2.1,3.1,2.1,1,1,0.7,1.7,8.3,10.5,0.456,0.656,0.098,3.5,8.1,5.8,10.8,1.7,2.7,7.3,15.1,0.1,0.2,0.2,0.053,-0.7,2.9,2.2,0.2
77,Draymond Green\greendr01,PF,24,GSW,21,21,37.3,4.8,11.4,0.417,1.1,4.3,0.264,3.6,7.1,0.51,0.467,3,4.1,0.736,2.2,7.9,10.1,5.2,1.8,1.2,2.8,4.2,13.7,16.6,0.517,0.379,0.363,6.5,22.8,14.7,21.2,2.5,2.5,17.2,19.2,0.9,1.7,2.6,0.161,1.7,4.3,6,1.6
78,JaMychal Green\greenja01,PF,24,MEM,5,0,1.6,0,0.4,0,0,0.2,0,0,0.2,0,0,0.4,0.4,1,0,0.6,0.6,0,0.2,0.2,0,0.2,0.4,16.8,0.347,0.5,1,0,42.2,20.7,0,6.5,11.4,0,16.4,0,0,0,0.143,-8.6,7.4,-1.1,0
79,Jeff Green\greenje02,SF,28,MEM,11,2,27.1,3.3,9.8,0.333,0.4,1.6,0.222,2.9,8.2,0.356,0.352,2,2.4,0.846,0.8,3.9,4.7,1.7,0.5,0.5,1.5,1.6,8.9,7.9,0.41,0.167,0.241,3.3,16.2,9.6,10.2,0.9,1.5,11.8,20.8,-0.5,0.3,-0.2,-0.033,-4.9,1.6,-3.3,-0.1
80,Blake Griffin\griffbl01,PF,25,LAC,14,14,39.8,10,19.6,0.511,0.1,0.5,0.143,9.9,19.1,0.521,0.513,5.4,7.6,0.717,2.7,10,12.7,6.1,1,1,3.2,3.1,25.5,24.8,0.557,0.026,0.387,7.3,26.1,16.8,27.3,1.2,2.2,12.3,28.5,1.5,0.6,2.1,0.179,2.6,3.8,6.4,1.2
81,Jorge Gutierrez\gutiejo01,PG,26,MIL,1,0,12,1,2,0.5,0,0,,1,2,0.5,0.5,0,0,,0,1,1,1,0,0,0,1,2,6.5,0.5,0,0,0,9.7,4.4,13.8,0,0,0,7.5,0,0,0,0.047,-5.4,-1.7,-7.2,0
82,Tyler Hansbrough\hansbty01,PF,29,TOR,4,2,12,0.3,1.3,0.2,0,0,,0.3,1.3,0.2,0.2,0.8,1,0.75,0.3,1.3,1.5,0.8,0.5,0.3,0.5,2,1.3,3.5,0.37,0,0.8,2.2,12.6,7.1,8.6,2.1,1.8,22.8,8.2,0,0,0,-0.042,-8.4,3.9,-4.5,0
83,James Harden\hardeja01,SG,25,HOU,17,17,37.4,7.6,17.3,0.439,2.4,6.3,0.383,5.2,11,0.471,0.509,9.6,10.5,0.916,0.7,5,5.7,7.5,1.6,0.4,4.5,2.9,27.2,24.8,0.62,0.364,0.605,2,13.7,7.9,35,2.1,0.9,17.1,29.5,2.3,0.3,2.7,0.202,5.8,1.7,7.5,1.5
84,Devin Harris\harride01,PG,31,DAL,4,0,18.5,2,5.8,0.348,0,2.8,0,2,3,0.667,0.348,2,2.3,0.889,0.3,1.8,2,1,0.5,0,1,2.5,6,5.8,0.445,0.478,0.391,1.3,10.1,5.6,7.1,1.3,0,12.9,17.1,0,0,0,-0.031,-4.5,0.3,-4.2,0
85,Joe Harris\harrijo01,SG,23,CLE,6,0,2.7,0.3,1,0.333,0.2,0.5,0.333,0.2,0.5,0.333,0.417,0.5,0.7,0.75,0,0.2,0.2,0.2,0,0,0.2,0.2,1.3,10.9,0.515,0.5,0.667,0,6.8,3.4,10.7,0,0,11.4,24.8,0,0,0,0.064,-2.1,-4.8,-6.9,0
86,Spencer Hawes\hawessp01,PF,26,LAC,8,0,7.1,1.1,2.1,0.529,0.4,0.8,0.5,0.8,1.4,0.545,0.618,0.3,0.3,1,0.4,1.3,1.6,0.6,0.3,0.4,0.1,1.5,2.9,18.8,0.643,0.353,0.118,5.6,18.2,12,13.3,1.7,4.5,5.3,14.4,0.2,0.1,0.3,0.216,1.9,3.3,5.2,0.1
87,Brendan Haywood\haywobr01,C,35,CLE,1,0,2,0,1,0,0,0,,0,1,0,0,0,0,,0,0,0,0,0,0,0,0,0,-21,0,0,0,0,0,0,0,0,0,0,22.7,0,0,0,-0.521,-21.3,-5.2,-26.5,0
88,John Henson\hensojo01,C,24,MIL,6,0,25.5,4,6.8,0.585,0,0.2,0,4,6.7,0.6,0.585,0.8,2.3,0.357,3.5,4.5,8,0.7,0.8,1.7,1.8,2.3,8.8,17.4,0.562,0.024,0.341,13.4,20.5,16.6,4.9,1.7,5.8,18.9,17.1,0.1,0.2,0.3,0.087,-2.9,3.3,0.3,0.1
89,Nene Hilario\hilarne01,PF,32,WAS,10,10,25.7,3.4,7.6,0.447,0,0,,3.4,7.6,0.447,0.447,1.1,2.3,0.478,2.5,4.1,6.6,1.5,0.9,0.3,1.4,3.2,7.9,11.1,0.459,0,0.303,10.9,16.8,13.9,9.2,1.8,0.9,14,17.3,0,0.4,0.4,0.074,-1.9,2.1,0.1,0.1
90,Kirk Hinrich\hinriki01,SG,34,CHI,10,0,12.6,0.9,1.9,0.474,0.6,1,0.6,0.3,0.9,0.333,0.632,0.2,0.3,0.667,0,0.5,0.5,1.1,0.3,0.1,0.1,1.4,2.6,9.2,0.64,0.526,0.158,0,4.3,2.2,13.5,1.3,0.6,4.7,7.7,0.2,0.1,0.4,0.134,0.1,-1.5,-1.4,0
91,Jrue Holiday\holidjr01,PG,24,NOP,3,0,18.3,2.3,6.3,0.368,0.3,1.3,0.25,2,5,0.4,0.395,1.3,1.3,1,0.7,0.3,1,4.3,0.7,0.3,1.7,1,6.3,13.6,0.458,0.211,0.211,4.1,2,3,36.7,1.9,1.6,19.4,21.4,0,0,0,-0.027,-4.1,0,-4.1,0
92,Justin Holiday\holidju01,SG,25,GSW,5,0,2.2,0.2,0.4,0.5,0.2,0.2,1,0,0.2,0,0.75,0,0,,0,0.2,0.2,0.2,0,0,0.4,0.2,0.6,1.9,0.75,0.5,0,0,9.8,5,13.1,0,0,50,16.3,0,0,0,-0.078,-6.1,-2.2,-8.3,0
93,Al Horford\horfoal01,C,28,ATL,16,16,32.6,6.7,13.2,0.507,0.1,0.6,0.222,6.6,12.6,0.52,0.512,0.9,1.3,0.75,2.5,6.1,8.6,3.7,0.8,1.4,1.6,2.1,14.4,19.8,0.525,0.043,0.095,8.2,20.1,14.2,20.4,1.3,3.6,10.2,21.4,0.8,0.7,1.5,0.141,0.6,2.7,3.3,0.7
94,Dwight Howard\howardw01,C,29,HOU,17,17,33.8,6.2,10.7,0.577,0,0,,6.2,10.7,0.577,0.577,4,9.7,0.412,3.6,10.4,14,1.2,1.4,2.3,2.2,3.5,16.4,20.4,0.546,0,0.907,11.3,31.4,21.5,5.9,1.9,5.4,12.7,21.2,0.6,0.9,1.5,0.126,-2.9,4.8,1.9,0.6
95,Lester Hudson\hudsole01,SG,30,LAC,7,0,5.4,0.9,2,0.429,0.3,1,0.286,0.6,1,0.571,0.5,0,0,,0,0.1,0.1,1,0.3,0.1,0.4,1.1,2,10.5,0.5,0.5,0,0,2.7,1.4,28,2.6,2.3,17.6,19.4,0,0,0,0.033,-2.5,-2,-4.5,0
96,Kris Humphries\humphkr01,PF,29,WAS,1,0,5,1,1,1,0,0,,1,1,1,1,0,0,,0,3,3,0,0,0,0,1,2,21.6,1,0,0,0,63.1,32.6,0,0,0,0,8.9,0,0,0,0.296,-3.6,-5.4,-8.9,0
97,Andre Iguodala\iguodan01,SF,31,GSW,21,3,30.2,3.9,8.1,0.474,1.4,3.9,0.354,2.5,4.2,0.584,0.558,1.3,3.1,0.415,0.8,3.7,4.5,3.6,1.2,0.3,0.7,2,10.4,15.4,0.546,0.48,0.38,2.8,13.2,8.1,18,2,0.9,6.6,15.1,1.3,1,2.2,0.17,2.9,1.3,4.1,1
98,Ersan Ilyasova\ilyaser01,PF,27,MIL,6,6,23.7,3.3,10.2,0.328,0.8,3.8,0.217,2.5,6.3,0.395,0.369,1.2,1.7,0.7,1,2.8,3.8,0.5,0.8,0.5,0.8,1.7,8.7,8,0.398,0.377,0.164,4.1,13.9,8.6,3.9,1.8,1.9,7.1,22.3,-0.3,0.1,-0.1,-0.046,-5.2,-1.1,-6.3,-0.2
99,Kyrie Irving\irvinky01,PG,22,CLE,13,13,35.7,6.2,14.2,0.438,2.1,4.6,0.45,4.2,9.6,0.432,0.511,4.5,5.3,0.841,0.8,2.8,3.6,3.8,1.3,0.8,1.5,2.2,19,20.9,0.573,0.324,0.373,2.4,8.6,5.6,20.1,1.9,2,8.5,23,1.5,0.5,2,0.209,3.9,0.7,4.6,0.8
100,Jarrett Jack\jackja01,PG,31,BRK,6,0,25.5,4.7,9,0.519,0.8,2.5,0.333,3.8,6.5,0.59,0.565,2.2,2.2,1,0.3,3.8,4.2,4.5,1.2,0.2,3.3,2.3,12.3,17.6,0.62,0.278,0.241,1.4,16.3,8.8,31.6,2.3,0.6,25.1,23.9,0.1,0.2,0.3,0.09,0.2,1.9,2.1,0.2
101,Bernard James\jamesbe01,C,29,DAL,1,0,2,0,0,,0,0,,0,0,,,0,0,,0,0,0,0,0,0,0,0,0,0,,,,0,0,0,0,0,0,,0,0,0,0,-0.039,-6.2,2.7,-3.5,0
102,LeBron James\jamesle01,SF,30,CLE,20,20,42.2,11.4,27.2,0.417,1.3,5.5,0.227,10.1,21.7,0.465,0.44,6.1,8.4,0.731,1.9,9.5,11.3,8.5,1.7,1.1,4.1,2.9,30.1,25.3,0.487,0.202,0.307,4.9,24.3,14.7,45.2,2.1,2.1,11.7,37.6,1.6,1.5,3,0.173,5.9,5.1,11,2.7
103,Richard Jefferson\jefferi01,SF,34,DAL,4,2,12.8,1.3,3.5,0.357,0.8,2,0.375,0.5,1.5,0.333,0.464,0.5,0.5,1,0,0.5,0.5,0.3,0.5,0,0.8,2.3,3.8,3.5,0.504,0.571,0.143,0,4.2,2,2.6,1.8,0,16.8,14.3,0,0,0,-0.032,-4.2,0.4,-3.8,0
104,John Jenkins\jenkijo01,SG,23,ATL,4,0,5.3,1,1.5,0.667,0.5,1,0.5,0.5,0.5,1,0.833,0,0,,0.3,0.5,0.8,0,0,0,0,0.5,2.5,19,0.833,0.667,0,5.1,10.2,7.6,0,0,0,0,13,0.1,0,0.1,0.202,3.7,-6,-2.2,0
105,Jonas Jerebko\jerebjo01,PF,27,BOS,4,0,17,1.3,3.8,0.333,0,1,0,1.3,2.8,0.455,0.333,0.3,0.5,0.5,1,2.5,3.5,0.3,0.5,0.3,0.8,2.3,2.8,3.3,0.346,0.267,0.133,6.3,16.5,11.3,2.3,1.5,1.4,15.9,12.4,-0.1,0,-0.1,-0.073,-7.4,2.8,-4.6,0
106,Amir Johnson\johnsam01,PF,27,TOR,4,2,28,5,7.3,0.69,0,0.3,0,5,7,0.714,0.69,1.5,3,0.5,1.8,5.3,7,1,0.3,0.8,1.8,4,11.5,16,0.671,0.034,0.414,6.7,22.7,14.2,6.3,0.5,2.3,17,16.6,0.2,0,0.2,0.089,-2.9,1.5,-1.4,0
107,James Johnson\johnsja01,PF,27,TOR,2,0,6,1,3,0.333,0,0,,1,3,0.333,0.333,0,3,0,0,1,1,0.5,0,0,0,0,2,-3.9,0.231,0,1,0,20.1,9.5,14.4,0,0,0,32.4,-0.1,0,-0.1,-0.439,-15.7,-3.4,-19,-0.1
108,Joe Johnson\johnsjo02,SG,33,BRK,6,6,41.5,5.7,15.7,0.362,2,6.8,0.293,3.7,8.8,0.415,0.426,3.2,4,0.792,0.8,6.8,7.7,4.8,1.2,0,0.8,2.7,16.5,14.2,0.473,0.436,0.255,2.2,17.9,10,19.3,1.4,0,4.6,20.1,0.3,0.2,0.5,0.089,0.3,1.4,1.7,0.2
109,Nick Johnson\johnsni01,SG,22,HOU,9,0,5.4,0.4,1.9,0.235,0.1,0.8,0.143,0.3,1.1,0.3,0.265,0.3,0.3,1,0.1,0.3,0.4,0.4,0,0.1,0.4,0.8,1.3,-1.1,0.328,0.412,0.176,2.1,6.3,4.2,11.7,0,1.6,17.9,19,-0.2,0,-0.2,-0.165,-9.2,-1.1,-10.3,-0.1
110,Dahntay Jones\jonesda02,SF,34,LAC,11,0,1.6,0.2,0.2,1,0,0,,0.2,0.2,1,1,0,0,,0,0.1,0.1,0,0.2,0,0,0.6,0.4,9.6,1,0,0,0,5.8,2.9,0,5.4,0,0,4.8,0,0,0.1,0.175,0.6,3.1,3.7,0
111,James Jones\jonesja02,SF,34,CLE,20,0,15.6,1.3,3.8,0.347,1.1,3.2,0.344,0.2,0.6,0.364,0.493,0.7,0.7,0.929,0.1,1.4,1.5,0.5,0.4,0.2,0.3,2.1,4.4,7.9,0.536,0.853,0.187,0.4,9.8,5.1,4.6,1.4,0.8,5.8,12.6,0.4,0.3,0.6,0.1,-0.3,-0.2,-0.5,0.1
112,Terrence Jones\joneste01,PF,23,HOU,17,9,23.6,3.9,9.4,0.421,0.2,1.1,0.158,3.8,8.2,0.457,0.431,2.1,3.2,0.667,1.7,3.1,4.8,1,0.5,0.7,0.9,1.8,10.2,12.9,0.473,0.119,0.34,7.6,13.3,10.5,6.9,0.9,2.4,8,20.7,0.2,0.1,0.3,0.037,-3.7,1.1,-2.6,-0.1
113,DeAndre Jordan\jordade01,C,26,LAC,14,14,34.4,4.1,5.8,0.716,0,0,,4.1,5.8,0.716,0.716,4.8,11.2,0.427,3.5,9.9,13.4,1.1,1.1,2.4,1.2,3,13.1,20.7,0.61,0,1.938,10.9,29.7,20.4,4.8,1.6,5.9,10.2,15,1.2,0.8,1.9,0.192,-0.6,5,4.4,0.8
114,Jerome Jordan\jordaje01,C,28,BRK,1,0,5,0,2,0,0,0,,0,2,0,0,0,0,,1,1,2,0,0,0,1,0,0,-16.3,0,0,0,21.6,21.7,21.7,0,0,0,33.3,27.5,-0.1,0,-0.1,-0.605,-25.3,-5.8,-31.1,0
115,Cory Joseph\josepco01,PG,23,SAS,4,0,5.5,1.3,1.5,0.833,0,0,,1.3,1.5,0.833,0.833,0.3,0.5,0.5,0,0.3,0.3,0,0,0.3,0.3,0.5,2.8,17.3,0.799,0,0.333,0,5,2.4,0,0,3.6,12.7,16.1,0,0,0.1,0.122,-1,-0.3,-1.4,0
116,Chris Kaman\kamanch01,C,32,POR,3,0,12.3,1.3,2.7,0.5,0,0,,1.3,2.7,0.5,0.5,0.3,0.3,1,1.7,3,4.7,1,0,0,1,1.7,3,11.7,0.533,0,0.125,14.4,26.7,20.5,13.8,0,0,26.2,14.2,0,0,0,0.056,-3.5,2.5,-1,0
117,Kyle Korver\korveky01,SG,33,ATL,14,14,37.6,3.7,9.5,0.391,2.8,7.9,0.355,0.9,1.6,0.565,0.538,0.9,1.1,0.813,0.1,4.9,5,2.4,1.4,1.1,1.5,1.9,11.1,11.3,0.557,0.827,0.12,0.2,14.1,7.1,9.5,2,2.3,13,13.9,0.2,0.7,0.8,0.077,0,1.7,1.8,0.5
118,Kosta Koufos\koufoko01,C,25,MEM,11,0,11.5,1.5,2.8,0.548,0,0,,1.5,2.8,0.548,0.548,0.3,0.5,0.6,1.7,1.8,3.5,0.4,0.4,0.5,0.1,1.3,3.4,19,0.557,0,0.161,16.2,17.7,16.9,5.2,1.6,4.3,2.9,12.3,0.3,0.2,0.5,0.198,1.1,3.9,5,0.2
119,Courtney Lee\leeco01,SG,29,MEM,11,11,33.4,5,9.1,0.55,1.3,2.7,0.467,3.7,6.4,0.586,0.62,2,2.1,0.957,0.3,2.3,2.5,2.2,1.1,0,1.2,2.2,13.3,15.5,0.663,0.3,0.23,0.9,7.7,4.2,11,1.7,0,10.6,15.3,0.9,0.2,1.1,0.145,2.7,1.1,3.8,0.5
120,David Lee\leeda02,PF,31,GSW,13,0,8.2,1.2,3.1,0.4,0,0,,1.2,3.1,0.4,0.4,0.6,1.2,0.533,0.8,1.8,2.6,0.6,0.2,0.2,0.2,1.3,3.1,14.1,0.429,0,0.375,11.3,23.1,17.3,11.8,1.4,1.5,4.1,20.4,0.1,0.2,0.3,0.133,-2.3,0.5,-1.8,0
121,Kawhi Leonard\leonaka01,SF,23,SAS,7,7,35.7,7.4,15.6,0.477,1.6,3.7,0.423,5.9,11.9,0.494,0.528,3.9,5,0.771,1.9,5.6,7.4,2.6,1.1,0.6,2.1,2.6,20.3,19.9,0.571,0.239,0.321,5.4,17.2,11.1,12.5,1.6,1.3,10.8,25,0.5,0.2,0.7,0.143,1.6,1.9,3.5,0.3
122,Meyers Leonard\leoname01,C,22,POR,5,0,21.2,2.8,4.2,0.667,2,2.6,0.769,0.8,1.6,0.5,0.905,0.2,0.4,0.5,1.2,5.4,6.6,1,0.4,0.4,0.6,3.4,7.8,19.6,0.891,0.619,0.095,6,27.9,16.8,8.4,1,1.2,12.1,10.8,0.4,0.1,0.5,0.232,3.5,3,6.5,0.2
123,Jon Leuer\leuerjo01,PF,25,MEM,4,0,2.3,0.5,1,0.5,0,0,,0.5,1,0.5,0.5,0,0,,0.5,0.8,1.3,0,0,0,0,0.3,1,22.4,0.5,0,0,24,37.5,30.6,0,0,0,0,20.3,0,0,0,0.193,-3,-7.8,-10.8,0
124,Damian Lillard\lillada01,PG,24,POR,5,5,40.2,7.8,19.2,0.406,1,6.2,0.161,6.8,13,0.523,0.432,5,6.4,0.781,0.4,3.6,4,4.6,0.4,0.6,2.4,3,21.6,15,0.491,0.323,0.333,1.1,9.8,5.4,22.8,0.5,1,9.8,27.8,0.1,0,0.2,0.038,0.1,-0.2,-0.1,0.1
125,Shaun Livingston\livinsh01,PG,29,GSW,21,0,17.9,2,3.8,0.532,0,0,0,2,3.7,0.538,0.532,1,1.2,0.84,0.6,1.8,2.4,1.8,0.4,0.2,1,1.5,5,11.5,0.583,0.013,0.316,3.8,10.9,7.4,15.1,1.1,1.1,18.9,13.3,0.5,0.5,0.9,0.118,-1.2,0.7,-0.5,0.1
126,Brook Lopez\lopezbr01,C,26,BRK,6,6,39,7.2,14.5,0.494,0,0,,7.2,14.5,0.494,0.494,5.5,6.7,0.825,3.3,5.7,9,0.8,0.7,2.2,1,3,19.8,21,0.569,0,0.46,9.2,15.8,12.5,3.8,0.9,4.9,5.4,21.6,0.7,0.2,0.9,0.182,-0.3,2.1,1.8,0.2
127,Robin Lopez\lopezro01,C,26,POR,5,5,23.4,1.8,3,0.6,0,0,,1.8,3,0.6,0.6,1.6,1.6,1,1.8,2.6,4.4,0.6,0.2,1,1,3,5.2,11.6,0.702,0,0.533,8.2,12.2,10.2,4.1,0.4,2.8,21.3,9.2,0.2,0.1,0.3,0.11,-2.1,3.5,1.4,0.1
128,Kevin Love\loveke01,PF,26,CLE,4,4,26.8,4.3,10.3,0.415,2.3,5.3,0.429,2,5,0.4,0.524,3.5,4.8,0.737,1.5,5.5,7,2.5,0.3,0.5,1.5,3,14.3,20,0.577,0.512,0.463,6.3,22.3,14.4,16.9,0.5,1.6,10.8,23.5,0.3,0.1,0.5,0.208,3.3,0,3.3,0.1
129,Kyle Lowry\lowryky01,PG,28,TOR,4,4,32.8,4.5,14.3,0.316,1.3,5.8,0.217,3.3,8.5,0.382,0.36,2,2.8,0.727,1.8,3.8,5.5,4.8,1.3,0,3,4.5,12.3,8.1,0.396,0.404,0.193,5.7,13.8,9.5,23.8,1.9,0,16.3,25.3,-0.3,0,-0.3,-0.115,-4.7,0.7,-3.9,-0.1
130,Shelvin Mack\macksh01,PG,24,ATL,10,0,9.9,1.5,3.9,0.385,0.6,2.1,0.286,0.9,1.8,0.5,0.462,0.3,0.6,0.5,0.2,0.9,1.1,1,0.8,0,0.2,0.7,3.9,14.7,0.468,0.538,0.154,2.2,9.7,5.9,16.6,4.1,0,4.6,20.1,0,0.1,0.2,0.093,0.5,-0.4,0.1,0.1
131,Shawn Marion\mariosh01,SF,36,CLE,6,0,4.2,0.2,1,0.167,0,0,,0.2,1,0.167,0.167,0,0,,0.3,0.7,1,0.2,0.3,0,0,0.2,0.3,6,0.167,0,0,8.9,17.4,13.2,6,4.2,0,0,10.9,0,0,0,-0.003,-6.6,3.4,-3.2,0
132,O.J. Mayo\mayooj01,SG,27,MIL,6,0,26,3,9,0.333,1,3.2,0.316,2,5.8,0.343,0.389,2,2,1,0.2,3.2,3.3,3,1.2,0.2,1.5,2.3,9,10.3,0.455,0.352,0.222,0.6,14.1,6.8,20.2,2.3,0.6,13.2,19.7,-0.1,0.1,0.1,0.016,-2.9,0.2,-2.7,0
133,James Michael McAdoo\mcadoja01,PF,22,GSW,5,0,2,0.4,0.6,0.667,0,0,,0.4,0.6,0.667,0.667,0,0,,0.2,0.6,0.8,0,0,0.2,0.2,0,0.8,19.7,0.667,0,0,11,32.3,21.8,0,0,8,25,17.9,0,0,0,0.121,-6.5,-1.5,-8,0
134,C.J. McCollum\mccolcj01,SG,23,POR,5,1,33.2,6.4,13.4,0.478,2.2,4.6,0.478,4.2,8.8,0.477,0.56,2,2.6,0.769,0.2,3.8,4,0.4,1.2,0.2,1.2,2.6,17,16.1,0.584,0.343,0.194,0.6,12.5,6.5,2.4,1.9,0.4,7.6,21.7,0.3,0.1,0.4,0.103,0,0.3,0.3,0.1
135,Doug McDermott\mcderdo01,SF,23,CHI,3,0,3.3,0.3,1,0.333,0.3,0.7,0.5,0,0.3,0,0.5,0.7,0.7,1,0.3,0.3,0.7,0.3,0,0,0.3,0,1.7,19.1,0.644,0.667,0.667,11.2,10.8,11,16.2,0,0,20.5,22.2,0,0,0,0.193,4.2,-3.5,0.7,0
136,Khris Middleton\middlkh01,SF,23,MIL,6,6,38.7,5.8,15.3,0.38,1.8,5.7,0.324,4,9.7,0.414,0.44,2.3,2.5,0.933,1.2,2.5,3.7,2,2.3,0.5,1.7,2.3,15.8,12.7,0.482,0.37,0.163,2.9,7.5,5,9.6,3.1,1.2,9.2,21,0,0.2,0.2,0.04,-0.8,0.6,-0.1,0.1
137,Mike Miller\millemi01,SF,34,CLE,9,1,7.2,0.3,0.6,0.6,0.3,0.6,0.6,0,0,,0.9,0,0,,0,1.1,1.1,0,0.1,0.1,0.1,0.7,1,6.6,0.9,1,0,0,16.7,8.5,0,0.8,1.3,16.7,4.2,0.1,0.1,0.1,0.098,-2.9,-0.8,-3.7,0
138,Patty Mills\millspa02,PG,26,SAS,7,0,16,3,6,0.5,2.3,4,0.571,0.7,2,0.357,0.69,1.9,1.9,1,0.6,2.1,2.7,1.1,0.3,0,0.7,2.1,10.1,23.4,0.744,0.667,0.31,3.7,14.8,9.1,11.9,0.9,0,9.5,21.1,0.5,0.1,0.6,0.262,7.4,-0.7,6.8,0.2
139,Paul Millsap\millspa01,PF,29,ATL,16,15,35.4,5.3,13.1,0.407,0.9,3.1,0.306,4.4,10,0.438,0.443,3.6,4.9,0.744,2.3,6.4,8.7,3.4,1.6,0.9,2.1,3.3,15.2,16.4,0.499,0.234,0.373,6.8,19.5,13.1,16,2.3,2,12.3,22.3,0.4,0.9,1.3,0.108,-0.4,2.1,1.8,0.5
140,Nikola Mirotic\mirotni01,PF,23,CHI,11,0,14.9,1.8,6,0.303,0.6,2.7,0.233,1.2,3.3,0.361,0.356,1.5,1.8,0.8,0.6,2.1,2.7,0.8,0.5,0.5,0.7,2,5.7,9.8,0.421,0.455,0.303,4.8,15.1,10,9.2,1.9,2.9,9.7,23,-0.1,0.3,0.1,0.041,-2.5,-0.1,-2.6,0
141,Nazr Mohammed\mohamna01,C,37,CHI,3,0,4.7,0.7,2.3,0.286,0,0.3,0,0.7,2,0.333,0.286,0,0,,1,0.7,1.7,0,0,0.3,0,0,1.3,11.5,0.286,0.143,0,24,15.4,19.6,0,0,5.7,0,22.8,0,0,0,-0.017,-7.1,-5.9,-13,0
142,E'Twaun Moore\mooreet01,SG,25,CHI,3,0,3,0.7,2,0.333,0.3,0.3,1,0.3,1.7,0.2,0.417,0,0,,0,1,1,0,0.7,0,0,0.3,1.7,21.9,0.417,0.167,0,0,35.8,18.3,0,11.8,0,0,30.4,0,0,0,0.161,-5.8,0.5,-5.3,0
143,Darius Morris\morrida01,PG,24,BRK,1,0,5,0,1,0,0,0,,0,1,0,0,0,0,,0,0,0,0,0,0,0,0,0,-8.2,0,0,0,0,0,0,0,0,0,0,9.2,0,0,0,-0.237,-12.8,-0.3,-13.2,0
144,Timofey Mozgov\mozgoti01,C,28,CLE,20,20,26.5,3.7,7.4,0.5,0,0,,3.7,7.4,0.5,0.5,3.2,4.1,0.79,2.9,4.5,7.3,0.7,0.4,1.8,1.9,2.9,10.6,17.9,0.577,0,0.547,12,18.2,15.2,4.3,0.8,5.8,16.8,18.9,0.9,0.8,1.7,0.156,-1.6,2.8,1.2,0.4
145,Mike Muscala\muscami01,PF,23,ATL,10,0,10.2,2,3.3,0.606,0.2,0.8,0.25,1.8,2.5,0.72,0.636,0,0,,0.8,1,1.8,0.1,0.1,0.3,0.4,1.3,4.2,14.9,0.636,0.242,0,8.4,10.5,9.4,1.7,0.5,2.4,10.8,16.5,0.2,0.1,0.2,0.114,-0.9,-2.3,-3.1,0
146,Joakim Noah\noahjo01,C,29,CHI,12,12,32.9,2.6,6.3,0.408,0,0,,2.6,6.3,0.408,0.408,0.6,1.7,0.35,3.8,7.3,11,3.2,0.8,1.2,1.7,3.1,5.8,12,0.407,0,0.263,12.8,23.7,18.3,15,1.3,2.8,19.1,12.1,0,0.8,0.8,0.095,-1.8,4.1,2.4,0.4
147,Dirk Nowitzki\nowitdi01,PF,36,DAL,5,5,36.2,7.6,16.8,0.452,0.8,3.4,0.235,6.8,13.4,0.507,0.476,5.2,5.6,0.929,0.8,9.6,10.4,2.4,0.4,0.4,2,3.2,21.2,18,0.55,0.202,0.333,2.2,28.3,14.8,10.1,0.5,0.9,9.4,24,0.4,0.1,0.4,0.114,-1.7,1,-0.8,0.1
148,Johnny O'Bryant\obryajo01,PF,21,MIL,1,0,12,3,8,0.375,0,0,,3,8,0.375,0.375,0,0,,1,2,3,0,0,0,0,1,6,8.9,0.375,0,0,8.1,19.3,13.3,0,0,0,0,30,0,0,0,-0.097,-9.7,-9.4,-19.1,-0.1
149,Kelly Olynyk\olynyke01,C,23,BOS,4,0,13.3,1.8,3.3,0.538,0.8,1.5,0.5,1,1.8,0.571,0.654,0.3,0.5,0.5,0.5,0.8,1.3,0.5,0.5,0.5,1,3,4.5,9.8,0.648,0.462,0.154,4,6.4,5.2,6.4,1.9,3.7,22.4,15.1,0,0,0,0.031,-1.7,3.6,1.9,0.1
150,Zaza Pachulia\pachuza01,C,30,MIL,6,6,21.5,2.7,6.7,0.4,0,0,,2.7,6.7,0.4,0.4,1.3,2.2,0.615,1.8,4.8,6.7,1.5,1.7,0.5,0.8,2.5,6.7,15.4,0.437,0,0.325,8.3,26.1,16.4,12.4,4,2.1,9.9,17.7,0,0.3,0.2,0.087,-3.6,4.3,0.7,0.1
151,Kostas Papanikolaou\papanko01,SF,24,HOU,8,0,2.6,0.1,0.5,0.25,0,0.4,0,0.1,0.1,1,0.25,0.1,0.3,0.5,0,0.3,0.3,0,0,0,0.6,0.5,0.4,-14,0.307,0.75,0.5,0,9.8,4.9,0,0,0,50.6,19.6,-0.2,0,-0.2,-0.399,-16.8,-2,-18.9,-0.1
152,Tony Parker\parketo01,PG,32,SAS,7,7,30,4.7,13,0.363,0,1.3,0,4.7,11.7,0.402,0.363,1.4,2.4,0.588,0.6,2.7,3.3,3.6,0.3,0,1.6,2,10.9,6.5,0.386,0.099,0.187,2,10,5.8,18.9,0.5,0,10,23.4,-0.4,0.1,-0.3,-0.067,-6.2,-0.3,-6.5,-0.2
153,Chandler Parsons\parsoch01,SF,26,DAL,1,1,37,5,15,0.333,0,4,0,5,11,0.455,0.333,0,0,,0,6,6,2,0,0,1,1,10,2.9,0.333,0.267,0,0,17.3,8.3,7.4,0,0,6.3,17.7,-0.1,0,-0.1,-0.118,-8.4,-0.5,-8.9,-0.1
154,Patrick Patterson\pattepa01,PF,25,TOR,4,0,26.5,3.8,6.8,0.556,1.8,3.8,0.467,2,3,0.667,0.685,1,1,1,1,2.5,3.5,1.3,0.8,0,0.8,1.3,10.3,16.7,0.713,0.556,0.148,4,11.4,7.5,7.8,1.4,0,9.4,13.5,0.3,0,0.3,0.125,1.3,0.3,1.6,0.1
155,Chris Paul\paulch01,PG,29,LAC,12,12,37.1,7.9,15.8,0.503,2.3,5.4,0.415,5.7,10.3,0.548,0.574,4,4.3,0.941,0.6,3.8,4.4,8.8,1.8,0.3,2.2,3.1,22.1,25.7,0.627,0.344,0.27,1.7,10.7,6.3,39.1,2.4,0.6,11,23.2,2,0.3,2.3,0.248,7.1,0.4,7.6,1.1
156,Kendrick Perkins\perkike01,C,30,CLE,8,0,4.1,0.3,1,0.25,0,0,,0.3,1,0.25,0.25,0.8,1.3,0.6,0.3,0.9,1.1,0,0,0.4,0.5,0.8,1.3,3.8,0.403,0,1.25,6.8,23,15,0,0,7.7,24.4,22.5,-0.1,0.1,-0.1,-0.085,-13.6,-1,-14.6,-0.1
157,Paul Pierce\piercpa01,SF,37,WAS,10,10,29.8,4.8,9.9,0.485,3.3,6.3,0.524,1.5,3.6,0.417,0.652,1.7,2,0.85,0,4.2,4.2,0.9,0.6,0.7,1,3.3,14.6,16.3,0.677,0.636,0.202,0,14.8,7.6,5,1,1.9,8.5,17.5,0.8,0.4,1.2,0.19,4,0.1,4.1,0.5
158,Mason Plumlee\plumlma01,C,24,BRK,6,0,8.2,0.7,1,0.667,0,0,,0.7,1,0.667,0.667,0.7,1.8,0.364,0.3,1,1.3,0.3,0.7,0.3,0.5,1.7,2,10.5,0.554,0,1.833,4.4,13.3,8.8,6.2,4.2,3.6,21.7,12.9,0,0.1,0.1,0.072,-4.3,6.1,1.8,0
159,Miles Plumlee\plumlmi01,C,26,MIL,1,0,16,1,8,0.125,0,0,,1,8,0.125,0.125,1,2,0.5,3,3,6,1,0,1,1,1,3,-0.3,0.169,0,0.25,18.3,21.7,19.9,10,0,5.6,10.1,27.8,-0.1,0,-0.1,-0.311,-13.5,0.2,-13.3,0
160,Quincy Pondexter\pondequ01,SF,26,NOP,4,4,31,2.5,7,0.357,0.8,2.5,0.3,1.8,4.5,0.389,0.411,1.5,1.8,0.857,0.8,4.3,5,3,1.8,0,0.3,3.3,7.3,11.7,0.467,0.357,0.25,2.7,14.9,9,14,2.9,0,3.1,11.8,0.1,0,0.2,0.061,-2.3,4.8,2.5,0.1
161,Otto Porter\porteot01,SF,21,WAS,10,0,33.1,3.9,8.8,0.443,1.2,3.2,0.375,2.7,5.6,0.482,0.511,1,2.1,0.476,2.4,5.6,8,1.8,1.2,0.2,0.6,1.6,10,14.1,0.514,0.364,0.239,8.1,17.8,13.1,8.4,1.8,0.5,5.8,13.8,0.5,0.5,1,0.144,1.6,2,3.6,0.5
162,Dwight Powell\poweldw01,PF,23,DAL,2,0,1.5,0,0.5,0,0,0,,0,0.5,0,0,0,0,,0,0.5,0.5,0.5,0,0,0,0.5,0,-2.7,0,0,0,0,35.6,17.1,38.5,0,0,0,13.6,0,0,0,-0.158,-11.7,2.7,-9,0
163,Phil Pressey\pressph01,PG,23,BOS,2,0,2.5,0,1.5,0,0,0.5,0,0,1,0,0,0,0,,0.5,0,0.5,0,0,0.5,0,0.5,0,-11.5,0,0.333,0,21.3,0,10.9,0,0,19.4,0,26.8,-0.1,0,-0.1,-0.538,-18.5,4.3,-14.2,0
164,Pablo Prigioni\prigipa01,PG,37,HOU,17,0,17.2,1.1,3.4,0.333,0.7,2.4,0.293,0.4,0.9,0.438,0.439,0.2,0.2,0.75,0.4,0.8,1.1,2.3,0.9,0,0.7,2.4,3.1,6.8,0.451,0.719,0.07,2.2,4.5,3.4,18.7,2.4,0,17,10.1,0.1,0.1,0.2,0.025,-2.5,0.8,-1.6,0
165,Zach Randolph\randoza01,PF,33,MEM,11,11,34.7,6.5,15.3,0.423,0.1,0.5,0.2,6.4,14.8,0.429,0.426,2.6,3,0.879,2.9,5.5,8.5,2.1,0.5,0,2.1,3.4,15.6,13.3,0.471,0.03,0.196,9,18,13.4,10.8,0.8,0,11.2,24.6,0,0.3,0.3,0.036,-1.9,0.7,-1.2,0.1
166,J.J. Redick\redicjj01,SG,30,LAC,14,14,38.6,5,11.5,0.435,2.5,6.3,0.398,2.5,5.2,0.479,0.543,2.4,2.5,0.943,0,2.1,2.1,1.7,0.7,0.4,1.9,2.6,14.9,10.2,0.59,0.547,0.217,0,5.8,2.9,6.5,0.9,0.8,12.8,16.3,0.5,0.1,0.5,0.047,0,-0.1,-0.1,0.3
167,Austin Rivers\riverau01,PG,22,LAC,14,2,17.9,3.3,7.5,0.438,0.9,2.5,0.371,2.4,5,0.471,0.5,0.9,1.4,0.632,0.4,1.3,1.7,1.1,0.7,0.3,0.9,2,8.4,12.9,0.516,0.333,0.181,2.6,7.5,5,10.1,1.9,1.4,9.6,21.8,0.1,0.1,0.2,0.045,-1.4,-0.2,-1.7,0
168,Rajon Rondo\rondora01,PG,28,DAL,2,2,18.5,4.5,10,0.45,0.5,1,0.5,4,9,0.444,0.475,0,0,,0.5,0.5,1,3,0,0,1,3,9.5,11.6,0.475,0.1,0,2.7,2.9,2.8,26,0,0,9.1,24.3,0,0,0,0.01,-2.6,-3.4,-6,0
169,Derrick Rose\rosede01,PG,26,CHI,12,12,37.8,7.8,19.6,0.396,1.9,5.5,0.348,5.8,14.1,0.414,0.445,2.9,3.3,0.897,1.1,3.8,4.8,6.5,1.2,0.5,3.2,1.8,20.3,16.8,0.484,0.281,0.166,3.2,10.7,7,33.5,1.6,1.1,13.1,29.1,0.3,0.6,0.8,0.088,2.5,-0.5,2,0.4
170,Terrence Ross\rosste01,SF,23,TOR,4,4,26.8,2.8,7.3,0.379,1.5,4.5,0.333,1.3,2.8,0.455,0.483,0,0,,0,1.5,1.5,1,0.8,1,0.5,2.5,7,7.7,0.483,0.621,0,0,6.8,3.2,5.8,1.4,3.2,6.5,13,0,0,0,-0.017,-4.2,1.8,-2.4,0
171,Brandon Rush\rushbr01,SG,29,GSW,3,0,2.3,0.3,2,0.167,0.3,0.7,0.5,0,1.3,0,0.25,0,0,,0.3,0.7,1,0,0,0,0,0.7,1,-4.5,0.25,0.333,0,15.8,30.8,23.4,0,0,0,0,38.4,0,0,0,-0.223,-15,-13.7,-28.7,0
172,Dennis Schroder\schrode01,PG,21,ATL,16,0,18.1,3.5,9.1,0.386,0.5,2.1,0.235,3,6.9,0.432,0.414,1.5,1.8,0.857,0.3,1.5,1.8,3.9,0.6,0,1.7,1.8,9,13.4,0.458,0.234,0.193,1.8,8.9,5.4,37.8,1.6,0,14.6,28.9,-0.2,0.2,0.1,0.009,-1.3,-2.8,-4.1,-0.2
173,Mike Scott\scottmi01,PF,26,ATL,11,0,15.6,1.9,5,0.382,0.4,2.4,0.154,1.5,2.6,0.586,0.418,0.4,0.4,1,1.5,2.7,4.2,0.5,0.5,0,0.6,1.5,4.5,9.6,0.44,0.473,0.073,10,18.7,14.3,4.6,1.5,0,11,16.9,-0.1,0.2,0.1,0.037,-3.1,-1.6,-4.7,-0.1
174,Kevin Seraphin\serapke01,C,25,WAS,6,0,12,2.5,5.2,0.484,0,0,,2.5,5.2,0.484,0.484,0.5,1,0.5,0.5,2.7,3.2,0.3,0.3,0.2,0.7,1.7,5.5,12.2,0.49,0,0.194,4.7,23.4,14.3,5,1.4,1.1,10.6,23.2,0,0.1,0.1,0.059,-4.8,-0.6,-5.4,-0.1
175,Ramon Sessions\sessira01,PG,28,WAS,10,3,21.8,2.6,7,0.371,1,2.5,0.4,1.6,4.5,0.356,0.443,1.3,1.9,0.684,0.2,2.2,2.4,2.3,0.4,0.1,1,1.4,7.5,9.6,0.479,0.357,0.271,1,10.6,6,16.2,0.9,0.4,11.3,18,0.1,0.2,0.3,0.063,-1.3,-0.6,-1.9,0
176,Iman Shumpert\shumpim01,SG,24,CLE,20,16,34.8,3,8.2,0.36,1.7,4.7,0.355,1.3,3.6,0.366,0.46,1.5,2,0.75,1.2,3.8,4.9,1.2,1.3,0.8,0.7,2.5,9.1,10.6,0.498,0.567,0.244,3.7,11.7,7.8,5.3,1.9,1.9,6.7,12.7,0.6,0.9,1.5,0.104,-0.1,2.5,2.4,0.8
177,Marcus Smart\smartma01,PG,20,BOS,4,3,22.5,3.5,7.3,0.483,0.8,3.3,0.231,2.8,4,0.688,0.534,2,3.8,0.533,1.3,1.5,2.8,1.3,0.3,0.3,1,3,9.8,12.8,0.548,0.448,0.517,5.9,7.5,6.7,9.8,0.6,1.1,10.1,19.7,0.1,0,0.1,0.047,0.3,0.3,0.6,0.1
178,Greg Smith\smithgr02,PF,24,DAL,1,0,1,0,0,,0,0,,0,0,,,0,0,,0,0,0,0,0,0,0,0,0,0,,,,0,0,0,0,0,0,,0,0,0,0,-0.039,-6.2,2.7,-3.6,0
179,J.R. Smith\smithjr01,SG,29,CLE,18,4,31.1,4.6,11.4,0.403,2.8,7.9,0.359,1.8,3.6,0.5,0.527,0.8,1.1,0.7,0.5,4.2,4.7,1.2,0.9,0.6,0.8,3,12.8,13.5,0.538,0.689,0.097,1.8,14.7,8.4,7,1.6,1.5,6.5,18.6,0.8,0.7,1.5,0.128,1.7,0.5,2.2,0.6
180,Josh Smith\smithjo03,PF,29,HOU,17,8,23.3,5,11.4,0.438,1.6,4.2,0.38,3.4,7.2,0.472,0.508,1.9,4.4,0.432,1.5,4.1,5.6,2.7,0.5,1,2.2,2.4,13.5,16.5,0.505,0.366,0.381,6.9,18.1,12.6,20.6,1.1,3.4,14.4,27.9,0,0.3,0.3,0.036,-0.6,2.4,1.8,0.4
181,Russ Smith\smithru01,PG,23,MEM,2,0,1.5,0,0,,0,0,,0,0,,,0,0,,0,0,0,1,0,0,0,0,0,23.8,,,,0,0,0,89.6,0,0,,0,0,0,0,0.241,-9,-22,-31,0
182,Tony Snell\snellto01,SF,23,CHI,11,0,12.7,1.4,4,0.341,0.8,2.5,0.333,0.5,1.5,0.353,0.443,0.4,0.4,1,0.1,1.5,1.5,0.5,0,0.3,0.5,1.2,3.9,6.4,0.47,0.614,0.091,0.8,12.3,6.7,7,0,1.7,9.9,16.5,0,0.1,0.1,0.032,-2.6,-1.9,-4.5,-0.1
183,Marreese Speights\speigma01,C,27,GSW,10,0,6.7,1.4,4.2,0.333,0,0,,1.4,4.2,0.333,0.333,0.9,1.5,0.6,0.8,1.3,2.1,0.4,0.4,0.3,0.4,1.4,3.7,13.2,0.381,0,0.357,13.2,20.9,17.1,10.4,3.1,3.6,7.6,35.2,-0.1,0.2,0,0.012,-6.5,0.3,-6.2,-0.1
184,Tiago Splitter\splitti01,C,30,SAS,7,7,17.6,1.3,3.4,0.375,0,0,,1.3,3.4,0.375,0.375,0.9,2.7,0.316,1.9,2.6,4.4,1.3,0.6,0.1,1,2.4,3.4,7,0.371,0,0.792,10.9,16.1,13.4,10.3,1.7,0.6,17.8,14.4,-0.1,0.1,0,-0.004,-4.9,3.4,-1.6,0
185,Greg Stiemsma\stiemgr01,C,29,TOR,1,0,2,2,2,1,0,0,,2,2,1,1,1,2,0.5,0,0,0,0,0,0,0,0,5,101.6,0.868,0,1,0,0,0,0,0,0,0,64.7,0.1,0,0.1,1.54,29.9,-15.7,14.2,0
186,Amar'e Stoudemire\stoudam01,PF,32,DAL,5,0,15,3,7,0.429,0,0,,3,7,0.429,0.429,1.8,2.6,0.692,1.4,1.8,3.2,0.6,0.2,0.6,1.4,3.2,7.8,11.3,0.479,0,0.371,9.3,12.8,11,6,0.6,3.2,14.7,26,0,0,0,-0.01,-6,0.5,-5.4,-0.1
187,Jared Sullinger\sullija01,PF,22,BOS,4,0,20,5.3,9.5,0.553,0.8,2.3,0.333,4.5,7.3,0.621,0.592,1,1.8,0.571,2.3,4.8,7,0.3,0,0.8,1.3,3,12.3,21.7,0.596,0.237,0.184,12,26.7,19.1,2.7,0,3.6,10.9,25.7,0.2,0,0.2,0.118,-0.5,-0.7,-1.2,0
188,Jeff Teague\teaguje01,PG,26,ATL,16,16,33.1,6.1,14.9,0.41,1.3,4.1,0.323,4.8,10.9,0.443,0.454,3.3,3.8,0.867,0.6,2.6,3.2,6.7,1.5,0.4,2.7,2.1,16.8,17.8,0.507,0.272,0.251,2,8.3,5.2,35.3,2.3,1.1,13.9,26.5,0.5,0.5,1,0.094,1.5,-0.9,0.5,0.3
189,Mirza Teletovic\teletmi01,PF,29,BRK,3,0,5.3,0,1.7,0,0,1.3,0,0,0.3,0,0,0,0,,0,1.3,1.3,0,0.3,0,0.3,0.3,0,-10.5,0,0.8,0,0,27.1,13.5,0,3.2,0,16.7,17.2,-0.1,0,-0.1,-0.366,-17.5,-0.8,-18.3,-0.1
190,Garrett Temple\templga01,SG,28,WAS,4,0,6.5,0.3,1.5,0.167,0,0.8,0,0.3,0.8,0.333,0.167,1.3,2,0.625,0.3,0.5,0.8,0.3,0.5,0,0.8,1,1.8,1.5,0.368,0.5,1.333,4.3,8.1,6.3,5.3,3.9,0,24,21.3,-0.1,0,-0.1,-0.095,-6.4,0.8,-5.6,0
191,Jason Terry\terryja01,SG,37,HOU,17,17,28.6,3.4,7.9,0.425,1.7,4.8,0.354,1.6,3.1,0.538,0.534,0.8,0.9,0.813,0.4,1.9,2.2,2.8,0.9,0.1,1.2,2.7,9.2,10.1,0.553,0.612,0.119,1.3,6.7,4,14.9,1.5,0.3,12.4,13.8,0.5,0,0.5,0.054,-0.4,0.6,0.2,0.3
192,Isaiah Thomas\thomais02,PG,25,BOS,4,0,29.8,4.5,13.5,0.333,0.8,4.5,0.167,3.8,9,0.417,0.361,7.8,8,0.969,0.3,2.8,3,7,0.8,0,3.5,2.5,17.5,17.9,0.514,0.333,0.593,0.9,10.4,5.5,41.1,1.3,0,17.1,30.8,0.1,0,0.1,0.044,1.5,-0.5,1,0.1
193,Klay Thompson\thompkl01,SG,24,GSW,21,21,36.2,7.1,15.9,0.446,2.7,7,0.39,4.4,9,0.489,0.531,1.7,2.1,0.8,0.4,3.4,3.9,2.6,0.8,0.9,2,3,18.6,14.8,0.553,0.437,0.135,1.3,10.2,5.8,12.1,1.1,2,10.4,23.3,0.9,1,1.9,0.118,1.9,-0.4,1.5,0.7
194,Tristan Thompson\thomptr01,PF,23,CLE,20,15,36.4,3.6,6.5,0.558,0,0,,3.6,6.5,0.558,0.558,2.4,4.1,0.585,4.4,6.4,10.8,0.5,0.3,1.2,0.8,2.5,9.6,15.4,0.582,0,0.636,13.5,19.1,16.3,2,0.4,2.8,8.3,11.2,1.7,0.9,2.5,0.167,-0.2,1.5,1.4,0.6
195,Hedo Turkoglu\turkohe01,SF,35,LAC,11,0,5,0.4,1.5,0.235,0.2,1.2,0.154,0.2,0.4,0.5,0.294,0,0,,0.1,0.5,0.6,0.4,0.4,0.1,0.2,0.9,0.9,2.9,0.294,0.765,0,1.9,11.3,6.7,9.8,3.5,1.6,10.5,15,-0.1,0.1,-0.1,-0.068,-5.2,2.4,-2.8,0
196,Evan Turner\turneev01,SG,26,BOS,4,4,29.5,4,11,0.364,0.5,1,0.5,3.5,10,0.35,0.386,2,2.3,0.889,0.5,6.8,7.3,4.8,0.8,0,2.3,2.8,10.5,11.2,0.438,0.091,0.205,1.8,25.7,13.4,27.4,1.3,0,15.8,21.6,-0.1,0.1,-0.1,-0.02,-4.5,3.3,-1.3,0
197,Ekpe Udoh\udohek01,PF,27,LAC,4,0,3,0.3,0.8,0.333,0,0,,0.3,0.8,0.333,0.333,0,0,,0,0.8,0.8,0,0,0,0,0.8,0.5,-0.3,0.333,0,0,0,25.9,13.2,0,0,0,0,10.9,0,0,0,-0.042,-10.7,-3.1,-13.8,0
198,Beno Udrih\udrihbe01,PG,32,MEM,10,0,17.5,3.1,7.3,0.425,0.4,1.6,0.25,2.7,5.7,0.474,0.452,1,1.2,0.833,0.4,1.6,2,2.1,0.5,0,0.4,1.6,7.6,14.8,0.485,0.219,0.164,2.5,10.3,6.3,21.2,1.5,0,4.9,21.5,0.2,0.1,0.3,0.09,0.8,-0.1,0.7,0.1
199,Jonas Valanciunas\valanjo01,C,22,TOR,4,4,26.5,4.8,9.5,0.5,0,0,,4.8,9.5,0.5,0.5,1.8,2,0.875,2.3,7,9.3,0.5,0.5,0.3,1,1.8,11.3,17.3,0.542,0,0.211,9.1,31.9,19.8,3.3,1,0.8,8.8,19.3,0.1,0,0.2,0.079,-5.1,-0.4,-5.5,-0.1
200,Greivis Vasquez\vasqugr01,PG,28,TOR,4,0,25.3,2.8,7.3,0.379,1.3,3.5,0.357,1.5,3.8,0.4,0.466,0.8,0.8,1,0,1.8,1.8,3,0.5,0,1,3.8,7.5,7.9,0.495,0.483,0.103,0,8.4,3.9,18.6,1,0,11.7,15.3,0,0,0,-0.009,-3.7,-1.1,-4.7,-0.1
201,Charlie Villanueva\villach01,PF,30,DAL,5,0,8.6,2.2,5,0.44,1.6,3.8,0.421,0.6,1.2,0.5,0.6,0,0,,0.8,1.8,2.6,0.6,0.2,0.2,0,2,6,24.6,0.6,0.76,0,9.2,22.3,15.5,11.4,1.1,1.9,0,23.8,0.2,0,0.2,0.259,7.8,-0.1,7.6,0.1
202,John Wall\walljo01,PG,24,WAS,7,7,39,6.1,15.7,0.391,0.4,2.4,0.176,5.7,13.3,0.43,0.405,4.7,5.6,0.846,0.7,4,4.7,11.9,1.4,1.4,3.9,1.9,17.4,19.2,0.48,0.155,0.355,2.1,10.8,6.6,49.7,1.9,2.9,17.5,25,0.4,0.4,0.8,0.138,1.6,1.2,2.8,0.3
203,Gerald Wallace\wallage01,SF,32,BOS,1,0,4,0,1,0,0,0,,0,1,0,0,0,0,,0,1,1,0,0,0,0,0,0,-6.9,0,0,0,0,28.1,13.7,0,0,0,0,11.2,0,0,0,-0.263,-17.3,-1.3,-18.5,0
204,Martell Webster\webstma02,SF,28,WAS,1,0,4,1,2,0.5,0,1,0,1,1,1,0.5,0,0,,0,0,0,0,0,0,0,0,2,11.1,0.5,0.5,0,0,0,0,0,0,0,0,22.2,0,0,0,0.032,-0.9,-6,-6.9,0
205,Deron Williams\willide01,PG,30,BRK,6,6,32,4.5,11.5,0.391,1.8,4.3,0.423,2.7,7.2,0.372,0.471,1,1.2,0.857,0.5,5.7,6.2,5.5,1.3,0,2.7,3,11.8,12.9,0.493,0.377,0.101,1.7,19.2,10.4,28.6,2.1,0,18.2,21,0,0.2,0.2,0.039,-1.4,2.2,0.9,0.1
206,Lou Williams\willilo02,SG,28,TOR,4,0,25.5,4,12.8,0.314,1,5.3,0.19,3,7.5,0.4,0.353,3.8,4.5,0.833,0.5,1.3,1.8,1.3,1.5,0,0.8,2.3,12.8,11.6,0.433,0.412,0.353,2.1,5.9,3.9,8.3,3,0,4.8,27.3,-0.1,0,-0.1,-0.044,-3.4,-1.5,-4.9,-0.1
207,Thaddeus Young\youngth01,PF,26,BRK,6,6,31.7,4.8,11,0.439,0,0.7,0,4.8,10.3,0.468,0.439,0.8,2,0.417,2.8,4.3,7.2,2.7,0.8,0.2,2.3,2.5,10.5,10.5,0.442,0.061,0.182,9.7,14.8,12.3,14.3,1.3,0.5,16.4,20.5,-0.2,0.1,0,-0.012,-3.9,2,-1.9,0
208,Tyler Zeller\zellety01,C,25,BOS,4,4,22.5,3.8,7.3,0.517,0,0,,3.8,7.3,0.517,0.517,1,1.3,0.8,0.5,4,4.5,0.5,0.5,0.3,1,1.3,8.5,12.5,0.545,0,0.172,2.4,20,10.9,4,1.1,1.1,11.4,17.5,0,0,0.1,0.033,-4.9,1.7,-3.2,0